{
  "page": {
    "label": "TRANSLATE.SPOTIFY_CONFIGURATION"
  },
  "sections": [
   {
      "id": "section_account",
      "element": "section",
      "label": "TRANSLATE.SPOTIFY_ACCOUNT",
      "icon": "fa-plug",
      "onSave": {"type":"controller", "endpoint":"music_service/spop", "method":"saveSpotifyAccount"},
      "saveButton": {
        "label": "TRANSLATE.SAVE",
        "data": [
          "username",
          "password",
          "bitrate",
	  "refresh_token"
        ]
      },
      "content": [
        {
          "id": "username",
          "type":"text",
          "element": "input",
          "doc": "This is the username of your Spotify account",
          "label": "TRANSLATE.SPOTIFY_USERNAME",
          "value": ""
        },
        {
          "id": "password",
          "type":"password",
          "element": "input",
          "doc": "This is the password of your Spotify account",
          "label": "TRANSLATE.SPOTIFY_PASSWORD",
          "value": ""
        },
        {
          "id": "refresh_token",
          "type":"text",
          "element": "input",
          "doc": "This is the Refresh Token generate by Spotify. You can get it on http://54.86.144.136:8888/ copy and paste it here.",
          "label": "TRANSLATE.REFRESH_TOKEN",
          "value": ""
	},
        {
          "id":"bitrate",
          "element": "switch",
          "doc": "High bitrate",
          "label": "TRANSLATE.HIGH_BITRATE",
          "value": true
        }   
      ]
   }
  ]
}
